"id","type","street","neighborhood","cost","bedrooms","fireplace","garage","ac","new","latitude","longitude"
"24","THse","4856 31st Street","Beltsville, MD","140,950","2","N","N","Y","Y","38.8359279","-77.0983296"
"29","THse","4340 Baltimore Blvd.","Beltsville, MD","125,950","2","N","N","Y","Y","39.4549","-77.00467"
"41","THse","4412 Baltimore Blvd.","Beltsville, MD","125,950","2","N","N","Y","Y","39.4529549","-77.0035794"
"46","THse","4554 Hapsburg Road","Greenbelt, MD","136,950","2","N","N","Y","Y","38.89037","-77.03196"
"53","THse","5400 S. Capitol St.","Greenbelt, MD","162,950","2","N","N","Y","Y","38.8899549","-76.923508"
"61","THse","4730 Hapsburg Road","Greenbelt, MD","136,950","2","N","N","Y","Y","38.89037","-77.03196"
"64","THse","4691 Hapsburg Road","Greenbelt, MD","136,950","2","N","N","Y","Y","44.76676","-67.25229"
"90","Condo","4904 S. Capitol St.","N. Laurel, MD","162,950","2","N","N","Y","Y","38.89011","-76.93224"
"92","Condo","4715 Jones Street","N. Laurel, MD","151,950","2","N","N","Y","Y","39.112953","-76.7466169"
"93","Condo","4790 Jones Street","N. Laurel, MD","151,950","1","N","N","Y","Y","39.1127152","-76.7467811"
"95","Condo","4595 Jones Street","N. Laurel, MD","151,950","2","N","N","Y","Y","38.90999","-77.06549"
"97","Condo","5375 Hamilton Street","N. Laurel, MD","184,950","2","N","N","Y","Y","38.95321","-76.9550243"
"99","Condo","5349 S. Lincoln St.","N. Laurel, MD","173,950","2","N","N","Y","Y","40.16951","-80.24067"
"100","Condo","4790 Jones Street","N. Laurel, MD","151,950","1","N","N","Y","Y","39.1127152","-76.7467811"
"101","Condo","4820 Jones Street","N. Laurel, MD","151,950","2","N","N","Y","Y","39.112382","-76.745747"
"104","Condo","4864 S. Capitol St.","N. Laurel, MD","162,950","2","N","N","Y","Y","38.8214834","-77.001306"
"105","Condo","5016 S. Capitol St.","N. Laurel, MD","162,950","2","N","N","Y","Y","38.89006","-76.92938"
"106","Condo","5007 Jones Street","N. Laurel, MD","151,950","2","N","N","Y","Y","38.8030051","-76.8897897"
"109","Condo","5048 S. Capitol St.","N. Laurel, MD","162,950","2","N","N","Y","Y","38.9516402","-77.0091212"
"114","Condo","4944 Hapsburg Road","College Park, MD","136,950","2","N","N","Y","Y","38.89037","-77.03196"
"115","Condo","4469 Market Place","College Park, MD","114,950","1","N","N","Y","Y","35.6049784","-77.031212"
"116","Condo","4814 Hapsburg Road","College Park, MD","136,950","2","N","N","Y","Y","38.89037","-77.03196"
"117","Condo","4634 Baltimore Blvd.","College Park, MD","125,950","2","N","N","Y","Y","39.4455653","-77.0016587"
"118","Condo","4892 Hapsburg Road","College Park, MD","136,950","2","N","N","Y","Y","38.89037","-77.03196"
"119","Condo","4586 Baltimore Blvd.","College Park, MD","125,950","1","N","N","Y","Y","39.4487718","-77.0022348"
"124","Condo","4415 Second Street","College Park, MD","103,950","2","N","N","Y","Y","38.94341","-77.0039"
"125","Condo","4742 Baltimore Blvd.","College Park, MD","125,950","2","N","N","Y","Y","39.435519","-77.0057646"
"127","Condo","4951 Hapsburg Road","College Park, MD","136,950","1","N","N","Y","Y","38.89037","-77.03196"
"130","Condo","4652 Baltimore Blvd.","College Park, MD","125,950","2","N","N","Y","Y","39.4436218","-77.0010213"
"131","Condo","4425 Second Street","College Park, MD","103,950","2","N","N","Y","Y","38.9434216","-77.0039568"
"175","Condo","2324 Campus Drive","Gaithersburg, MD","81,950","2","N","N","N","N","38.91865","-77.08998"
"176","Condo","2464 Campus Drive","Gaithersburg, MD","81,950","2","N","N","N","N","39.02748","-77.39419"
"177","Condo","2275 Partridge Place","Gaithersburg, MD","55,950","2","N","N","N","N","38.8686951","-76.9737919"
"178","Condo","2255 Partridge Place","Gaithersburg, MD","55,950","2","N","N","N","N","38.8686951","-76.9740373"
"179","Condo","2294 Tilden Road","Gaithersburg, MD","66,950","2","N","N","N","N","38.94026","-77.05189"
"180","Condo","2200 Partridge Place","Gaithersburg, MD","55,950","2","N","N","N","N","38.8689749","-76.97496"
"181","Condo","2240 Partridge Place","Gaithersburg, MD","55,950","2","N","N","N","N","38.8689649","-76.9742493"
"182","Condo","2284 Campus Drive","Gaithersburg, MD","81,950","2","N","N","N","N","38.91865","-77.08998"
"183","Condo","2277 Partridge Place","Gaithersburg, MD","55,950","2","N","N","N","N","38.8686951","-76.9737674"
"185","Condo","2330 Tilden Road","Gaithersburg, MD","66,950","2","N","N","N","N","38.94026","-77.05189"
"186","Condo","2220 Partridge Place","Gaithersburg, MD","55,950","2","N","N","N","N","38.86901","-76.97408"
"187","Condo","2207 Tilden Road","Gaithersburg, MD","66,950","2","N","N","N","N","30.6665496","-85.5850451"
"188","Condo","2195 Partridge Place","Gaithersburg, MD","55,950","2","N","N","N","N","38.8687054","-76.9751601"
"189","Condo","2210 Partridge Place","Gaithersburg, MD","55,950","2","N","N","N","N","38.8689649","-76.9746249"
"191","Condo","2460 Campus Drive","Gaithersburg, MD","81,950","1","N","N","N","N","38.91865","-77.08998"
"194","Condo","2348 Campus Drive","Gaithersburg, MD","81,950","2","N","N","N","N","38.91865","-77.08998"
"195","Condo","2277 Partridge Place","Gaithersburg, MD","55,950","2","N","N","N","N","38.8686951","-76.9737674"
"197","THse","4133 Lehigh Avenue","Mt. Rainer, NE","92,950","2","N","N","N","Y","38.9816378","-76.943992"
"200","THse","4563 Market Place","Mt. Rainer, NE","114,950","2","N","N","N","Y","35.6063129","-77.0316945"
"206","THse","4196 Lehigh Avenue","Mt. Rainer, NE","92,950","2","N","N","N","Y","38.9818649","-76.9430762"
"212","THse","3880 Campus Drive","Mt. Rainer, NE","81,950","2","N","N","N","Y","38.9852252","-76.9467851"
"214","THse","3812 Campus Drive","Mt. Rainer, NE","81,950","2","N","N","N","Y","38.9850015","-76.9480363"
"218","THse","3908 Campus Drive","Mt. Rainer, NE","81,950","2","N","N","N","Y","38.9864468","-76.9470688"
"219","THse","3578 Conneticut Ave.","Mt. Pleasant, NW","70,950","2","Y","N","N","N","38.9365421","-77.059229"
"225","THse","3684 Campus Drive","Mt. Pleasant, NW","81,950","2","Y","N","N","N","38.9848049","-76.9503528"
"227","THse","3533 Conneticut Ave.","Mt. Pleasant, NW","70,950","2","Y","N","N","N","38.9358463","-77.058451"
"228","THse","3508 Conneticut Ave.","Mt. Pleasant, NW","70,950","2","Y","N","N","N","38.93593","-77.05902"
"230","THse","3110 Partridge Place","Mt. Pleasant, NW","55,950","2","Y","N","N","N","44.8038651","-91.3655"
"233","THse","3075 Partridge Place","Mt. Pleasant, NW","55,950","2","Y","N","N","N","44.8041349","-91.3655376"
"235","THse","3233 Tilden Road","Mt. Pleasant, NW","66,950","2","Y","N","N","N","44.4521755","-72.3048405"
"242","Condo","3589 Conneticut Ave.","Adams Morgan, NW","70,950","2","N","N","N","N","38.9359468","-77.0585069"
"243","Condo","3632 Campus Drive","Adams Morgan, NW","81,950","1","N","N","N","N","38.9848875","-76.9517929"
"244","Condo","3795 Lehigh Avenue","Adams Morgan, NW","92,950","2","N","N","N","N","39.63022","-77.69568"
"245","Condo","3867 Lehigh Avenue","Adams Morgan, NW","92,950","2","N","N","N","N","39.63022","-77.69568"
"246","Condo","4150 Second Street","Adams Morgan, NW","103,950","2","N","N","N","N","38.8295171","-77.0134458"
"247","Condo","4355 Second Street","Adams Morgan, NW","103,950","2","N","N","N","N","38.9418982","-77.0042451"
"249","Condo","3780 Campus Drive","Adams Morgan, NW","81,950","2","N","N","N","N","38.9849035","-76.9491844"
"250","Condo","3704 Campus Drive","Adams Morgan, NW","81,950","1","N","N","N","N","38.9848425","-76.9498657"
"251","Condo","4215 Second Street","Adams Morgan, NW","103,950","2","N","N","N","N","38.94281","-77.01368"
"252","Condo","3612 Campus Drive","Adams Morgan, NW","81,950","2","N","N","N","N","38.9849655","-76.9521961"
"253","Condo","3266 Tilden Road","Adams Morgan, NW","66,950","1","N","N","N","N","44.449608","-72.3065173"
"254","Condo","4320 Second Street","Adams Morgan, NW","103,950","2","N","N","N","N","38.94197","-77.00453"
"255","Condo","4200 Second Street","Adams Morgan, NW","103,950","2","N","N","N","N","38.9422867","-77.0138593"
"256","Condo","4335 Second Street","Adams Morgan, NW","103,950","2","N","N","N","N","38.9416545","-77.0042451"
"257","Condo","4270 Second Street","Adams Morgan, NW","103,950","1","N","N","N","N","38.9428254","-77.0140411"
"258","Condo","3696 Campus Drive","Adams Morgan, NW","81,950","1","N","N","N","N","38.9848381","-76.9499412"
"259","Condo","4074 Lehigh Avenue","Adams Morgan, NW","92,950","2","N","N","N","N","38.9820049","-76.9446578"
"261","Condo","4075 Second Street","Adams Morgan, NW","103,950","2","N","N","N","N","38.8311105","-77.0129467"
"262","Condo","3975 Lehigh Avenue","Adams Morgan, NW","92,950","2","N","N","N","N","39.63022","-77.69568"
"263","Condo","3885 Lehigh Avenue","Adams Morgan, NW","92,950","2","N","N","N","N","39.63022","-77.69568"
"380","THse","3515 Conneticut Ave.","Brookland, NE","70,950","2","N","N","Y","N","38.93618","-77.0582"
"384","THse","3512 Tilden Road","Brookland, NE","66,950","2","N","N","Y","N","38.941236","-77.0698958"
"390","THse","3260 Partridge Place","Brookland, NE","55,950","2","N","N","Y","N","44.8038651","-91.3653432"
"392","THse","3743 Conneticut Ave.","Brookland, NE","70,950","2","N","N","Y","N","38.9387099","-77.0601736"
"417","Condo","3707 Tilden Road","Anacostia, SE","66,950","1","N","N","N","Y","38.9413549","-77.0722533"
"418","Condo","3977 Conneticut Ave.","Anacostia, SE","70,950","2","N","N","N","Y","38.9407988","-77.0613657"
"419","Condo","3749 Tilden Road","Anacostia, SE","66,950","2","N","N","N","Y","38.9413549","-77.0722533"
"420","Condo","3716 Tilden Road","Anacostia, SE","66,950","1","N","N","N","Y","38.9410852","-77.0722455"
"421","Condo","3397 Partridge Place","Anacostia, SE","55,950","2","N","N","N","Y","44.8041349","-91.365201"
"422","Condo","4475 Lehigh Avenue","Anacostia, SE","92,950","2","N","N","N","Y","38.9816651","-76.9383274"
"423","Condo","4023 Conneticut Ave.","Anacostia, SE","70,950","2","N","N","N","Y","38.941591","-77.0618346"
"424","Condo","3865 Conneticut Ave.","Anacostia, SE","70,950","2","N","N","N","Y","38.9396803","-77.0607054"
"426","Condo","4300 Campus Drive","Anacostia, SE","81,950","2","N","N","N","Y","38.8394153","-77.1118079"
"427","Condo","4256 Campus Drive","Anacostia, SE","81,950","1","N","N","N","Y","38.9885408","-76.9370954"
"429","Condo","3635 Tilden Road","Anacostia, SE","66,950","2","N","N","N","Y","38.9413623","-77.0719976"
"430","Condo","3632 Tilden Road","Anacostia, SE","66,950","1","N","N","N","Y","38.9411131","-77.0713978"
"432","Condo","3400 Partridge Place","Anacostia, SE","55,950","1","N","N","N","Y","44.8038651","-91.3651968"
"435","Condo","5990 Baltimore Blvd.","Bowie, MD","125,950","2","Y","N","Y","N","39.21126","-76.71627"
"436","Condo","5509 Market Place","Bowie, MD","114,950","1","Y","N","Y","N","39.0425527","-77.1110639"
"437","Condo","5597 Market Place","Bowie, MD","114,950","1","Y","N","Y","N","39.0425154","-77.1130875"
"438","Condo","5340 Second Street","Bowie, MD","103,950","2","Y","N","Y","N","38.954926","-77.0137453"
"440","Condo","5619 Market Place","Bowie, MD","114,950","2","Y","N","Y","N","39.0425149","-77.113141"
"441","Condo","6578 31st Street","Bowie, MD","140,950","2","Y","N","Y","N","38.975389","-77.0568978"
"442","Condo","5465 Market Place","Bowie, MD","114,950","2","Y","N","Y","N","39.0425582","-77.1109822"
"443","Condo","6361 Hapsburg Road","Bowie, MD","136,950","1","Y","N","Y","N","38.89037","-77.03196"
"444","Condo","5646 Market Place","Bowie, MD","114,950","2","Y","N","Y","N","39.0422451","-77.1131385"
"445","Condo","5726 Baltimore Blvd.","Bowie, MD","125,950","2","Y","N","Y","N","39.4159887","-77.0119357"
"448","Condo","4938 Lehigh Avenue","Bowie, MD","92,950","1","Y","N","Y","N","38.9787245","-76.925395"
"449","Condo","5305 Second Street","Bowie, MD","103,950","1","Y","N","Y","N","38.95477","-77.01334"
"450","Condo","5210 Second Street","Bowie, MD","103,950","1","Y","N","Y","N","38.95391","-77.0139"
"451","Condo","5536 Market Place","Bowie, MD","114,950","2","Y","N","Y","N","39.042273","-77.1114259"
"452","Condo","5465 Market Place","Bowie, MD","114,950","1","Y","N","Y","N","39.0425582","-77.1109822"
"453","Condo","5190 Second Street","Bowie, MD","103,950","2","Y","N","Y","N","38.9530863","-77.0136502"
"454","Condo","5265 Second Street","Bowie, MD","103,950","2","Y","N","Y","N","38.9540214","-77.0133556"
"455","Condo","5591 Market Place","Bowie, MD","114,950","2","Y","N","Y","N","39.0425169","-77.1129271"
"456","Condo","6413 Hapsburg Road","Bowie, MD","136,950","2","Y","N","Y","N","38.89037","-77.03196"
"480","THse","5740 Polk Street","Falls Church, VA","221,950","2","Y","N","N","Y","38.9096","-76.9407"
"482","THse","5392 Paint Branch Rd.","Falls Church, VA","232,950","2","Y","N","N","Y","41.3194789","-79.443026"
"485","THse","5151 Paint Branch Rd.","Falls Church, VA","232,950","2","Y","N","N","Y","38.951698","-77.0344625"
"488","THse","5135 Polk Street","Falls Church, VA","221,950","2","Y","N","N","Y","41.28798","-91.68456"
"491","THse","5288 Beach Drive","Falls Church, VA","243,950","2","Y","N","N","Y","38.6491681","-76.5267064"
"493","THse","5392 Paint Branch Rd.","Falls Church, VA","232,950","2","Y","N","N","Y","41.3194789","-79.443026"
"498","THse","5362 Skyline Drive","Falls Church, VA","254,950","2","Y","N","N","Y","43.24642","-88.19199"
"499","THse","5795 Paint Branch Rd.","Falls Church, VA","232,950","2","Y","N","N","Y","38.9676279","-77.1309696"
"500","THse","5737 Paint Branch Rd.","Falls Church, VA","232,950","2","Y","N","N","Y","38.9666482","-77.1318447"
"502","Condo","5050 Skyline Drive","Reston, VA","254,950","2","N","N","Y","N","38.4236614","-86.1834048"
"503","Condo","5570 Main Street","Reston, VA","280,950","2","N","N","Y","N","37.4775716","-105.9006569"
"504","Condo","5341 Dorset Avenue","Reston, VA","265,950","2","N","N","Y","N","38.9694826","-77.1067618"
"505","Condo","5024 Beach Drive","Reston, VA","243,950","2","N","N","Y","N","38.649238","-76.5270695"
"507","Condo","5133 Dorset Avenue","Reston, VA","265,950","2","N","N","Y","N","38.9689491","-77.1020097"
"508","Condo","4937 Skyline Drive","Reston, VA","254,950","1","N","N","Y","N","38.424019","-86.1829623"
"511","Condo","5510 Dorset Avenue","Reston, VA","265,950","2","N","N","Y","N","38.9692105","-77.1097043"
"512","Condo","4899 Dorset Avenue","Reston, VA","265,950","1","N","N","Y","N","38.968541","-77.0988691"
"513","Condo","5275 Skyline Drive","Reston, VA","254,950","2","N","N","Y","N","38.4214422","-86.1840849"
"514","Condo","5375 Skyline Drive","Reston, VA","254,950","1","N","N","Y","N","43.24642","-88.19199"
"515","Condo","5042 Dorset Avenue","Reston, VA","265,950","2","N","N","Y","N","38.968551","-77.101288"
"516","Condo","4990 Dorset Avenue","Reston, VA","265,950","1","N","N","Y","N","38.9684888","-77.1007768"
"518","Condo","5682 Main Street","Reston, VA","280,950","2","N","N","Y","N","37.4775811","-105.9006806"
"519","Condo","5315 Dorset Avenue","Reston, VA","265,950","2","N","N","Y","N","38.96958","-77.10685"
"521","Condo","5672 Wisconsin Avenue","Reston, VA","276,950","2","N","N","Y","N","38.9661875","-77.0885706"
"522","Condo","5614 Dorset Avenue","Reston, VA","265,950","2","N","N","Y","N","38.9690769","-77.1098283"
"524","Condo","4749 Hapsburg Road","Spout Run, VA","136,950","1","N","N","N","Y","38.89037","-77.03196"
"526","Condo","4762 Hapsburg Road","Spout Run, VA","136,950","2","N","N","N","Y","38.89037","-77.03196"
"529","Condo","4412 Baltimore Blvd.","Spout Run, VA","125,950","2","N","N","N","Y","39.4529549","-77.0035794"
"530","Condo","4964 Hapsburg Road","Spout Run, VA","136,950","2","N","N","N","Y","38.89037","-77.03196"
"532","Condo","4634 Baltimore Blvd.","Spout Run, VA","125,950","2","N","N","N","Y","39.4455653","-77.0016587"
"534","Condo","4788 Hapsburg Road","Spout Run, VA","136,950","2","N","N","N","Y","38.89037","-77.03196"
"536","Condo","4337 Market Place","Spout Run, VA","114,950","1","N","N","N","Y","35.6031272","-77.0305352"
"537","Condo","4618 31st Street","Spout Run, VA","140,950","2","N","N","N","Y","38.9498572","-77.0630549"
"538","Condo","5448 S. Capitol St.","Spout Run, VA","162,950","2","N","N","N","Y","38.8899549","-76.9233026"
"540","Condo","5073 31st Street","Spout Run, VA","140,950","1","N","N","N","Y","38.90764","-77.06123"
"542","Condo","4898 31st Street","Spout Run, VA","140,950","2","N","N","N","Y","38.8358918","-77.0984162"
"565","Condo","4767 Jones Street","Arlington, VA","151,950","2","N","N","Y","N","39.112953","-76.7466169"
"567","Condo","4190 Baltimore Blvd.","Arlington, VA","125,950","1","N","N","Y","N","39.2405894","-76.6803022"
"568","Condo","4281 Hapsburg Road","Arlington, VA","136,950","2","N","N","Y","N","38.89037","-77.03196"
"570","Condo","4502 Baltimore Blvd.","Arlington, VA","125,950","2","N","N","Y","N","39.452057","-77.0032437"
"572","Condo","4464 31st Street","Arlington, VA","140,950","1","N","N","Y","N","38.9447706","-76.9656871"
"574","Condo","3936 Market Place","Arlington, VA","114,950","2","N","N","Y","N","40.55211","-76.8137"
"575","Condo","4080 Second Street","Arlington, VA","103,950","1","N","N","Y","N","38.8308737","-77.0127228"
"576","Condo","5157 Jones Street","Arlington, VA","151,950","2","N","N","Y","N","38.80297","-76.88965"
"577","Condo","4156 Market Place","Arlington, VA","114,950","2","N","N","Y","N","35.6007593","-77.0291706"
"578","Condo","4583 31st Street","Arlington, VA","140,950","2","N","N","Y","N","38.9495737","-77.0627851"
"579","Condo","4196 Baltimore Blvd.","Arlington, VA","125,950","1","N","N","Y","N","39.2405696","-76.6803901"
"580","Condo","4515 Hapsburg Road","Arlington, VA","136,950","2","N","N","Y","N","38.89037","-77.03196"
"581","Condo","4765 31st Street","Arlington, VA","140,950","2","N","N","Y","N","38.8366128","-77.0967386"
"582","Condo","5082 Jones Street","Arlington, VA","151,950","2","N","N","Y","N","38.8032749","-76.8897897"
"585","Condo","4476 Hapsburg Road","Arlington, VA","136,950","2","N","N","Y","N","38.89037","-77.03196"
"586","Condo","3963 Market Place","Arlington, VA","114,950","1","N","N","Y","N","40.55211","-76.8137"
"589","THse","6266 Hamilton Street","Rossyln, VA","184,950","2","N","N","Y","N","39.7574407","-93.9215335"
"594","THse","6122 Hamilton Street","Rossyln, VA","184,950","2","N","N","Y","N","40.70808","-89.41512"
"598","THse","6600 Webster Court","Rossyln, VA","206,950","2","N","N","Y","N","38.9426794","-76.905509"
"600","THse","5728 S. Capitol St.","Rossyln, VA","162,950","2","N","N","Y","N","38.9596923","-77.0092451"
"763","THse","3096 S. Capitol St.","Rockville, MD","162,950","2","N","N","N","N","38.87263","-77.00913"
"764","THse","3170 Jones Street","Rockville, MD","151,950","2","N","N","N","N","38.9103345","-77.065263"
"770","THse","2600 S. Capitol St.","Rockville, MD","162,950","2","N","N","N","N","38.87263","-77.00913"
"771","THse","2907 Jones Street","Rockville, MD","151,950","2","N","N","N","N","38.90999","-77.06549"
"776","THse","2772 Jones Street","Rockville, MD","151,950","2","N","N","N","N","38.90999","-77.06549"
"806","THse","3529 Market Place","Silver Spring, MD","114,950","2","Y","N","N","N","35.5705916","-77.0392662"
"808","THse","3435 Lehigh Avenue","Silver Spring, MD","92,950","2","Y","N","N","N","39.63022","-77.69568"
"809","THse","3615 Second Street","Silver Spring, MD","103,950","2","Y","N","N","N","38.8402028","-77.0027952"
"813","THse","3992 Baltimore Blvd.","Silver Spring, MD","125,950","2","Y","N","N","N","39.2419475","-76.6761416"
"816","THse","3336 Lehigh Avenue","Silver Spring, MD","92,950","2","Y","N","N","N","26.6122","-81.61079"
"821","THse","3212 Campus Drive","Silver Spring, MD","81,950","2","Y","N","N","N","38.8394","-77.1117929"
"851","Condo","3156 Campus Drive","Silver Spring, MD","81,950","2","N","Y","N","Y","38.8393975","-77.1117903"
"852","Condo","3523 Market Place","Silver Spring, MD","114,950","1","N","Y","N","Y","35.570585","-77.0392694"
"853","Condo","3562 Market Place","Silver Spring, MD","114,950","2","N","Y","N","Y","35.5707642","-77.0395357"
"854","Condo","3088 Campus Drive","Silver Spring, MD","81,950","2","N","Y","N","Y","38.8393943","-77.1117872"
"855","Condo","3818 Baltimore Blvd.","Silver Spring, MD","125,950","2","N","Y","N","Y","39.0243334","-77.0748086"
"856","Condo","3233 Lehigh Avenue","Silver Spring, MD","92,950","2","N","Y","N","Y","39.63022","-77.69568"
"857","Condo","3540 Second Street","Silver Spring, MD","103,950","2","N","Y","N","Y","38.8686999","-77.0963574"
"858","Condo","3381 Lehigh Avenue","Silver Spring, MD","92,950","2","N","Y","N","Y","39.63022","-77.69568"
"859","Condo","3340 Second Street","Silver Spring, MD","103,950","2","N","Y","N","Y","38.8690259","-77.0950736"
"861","Condo","3515 Second Street","Silver Spring, MD","103,950","1","N","Y","N","Y","38.8690277","-77.0961844"
"863","Condo","3430 Second Street","Silver Spring, MD","103,950","2","N","Y","N","Y","38.8688059","-77.0959527"
"865","Condo","3727 Market Place","Silver Spring, MD","114,950","1","N","Y","N","Y","35.5707802","-77.0391775"
"866","Condo","3233 Lehigh Avenue","Silver Spring, MD","92,950","2","N","Y","N","Y","39.63022","-77.69568"
"867","Condo","3500 Second Street","Silver Spring, MD","103,950","2","N","Y","N","Y","38.8687385","-77.0962103"
"868","Condo","3704 Baltimore Blvd.","Silver Spring, MD","125,950","2","N","Y","N","Y","39.0243064","-77.0746539"
"870","Condo","3305 Lehigh Avenue","Silver Spring, MD","92,950","2","N","Y","N","Y","39.63022","-77.69568"
"871","Condo","3622 Market Place","Wheaton, MD","114,950","2","N","Y","N","N","35.5708309","-77.0395043"
"873","Condo","3358 Market Place","Wheaton, MD","114,950","1","N","Y","N","N","35.5705376","-77.0396423"
"874","Condo","3422 Baltimore Blvd.","Wheaton, MD","125,950","2","N","Y","N","N","39.34876","-76.75227"
"875","Condo","3415 Second Street","Wheaton, MD","103,950","1","N","Y","N","N","38.8691953","-77.0954842"
"876","Condo","3560 Baltimore Blvd.","Wheaton, MD","125,950","2","N","Y","N","N","39.2498925","-76.6700941"
"878","Condo","3750 31st Street","Wheaton, MD","140,950","2","N","Y","N","N","38.90764","-77.06123"
"879","Condo","3606 Market Place","Wheaton, MD","114,950","2","N","Y","N","N","35.5708131","-77.0395127"
"881","Condo","3729 Hapsburg Road","Wheaton, MD","136,950","1","N","Y","N","N","38.89037","-77.03196"
"883","Condo","3715 31st Street","Wheaton, MD","140,950","2","N","Y","N","N","38.90764","-77.06123"
"884","Condo","3386 Baltimore Blvd.","Wheaton, MD","125,950","2","N","Y","N","N","39.2555339","-76.6669094"
"885","Condo","3848 31st Street","Wheaton, MD","140,950","2","N","Y","N","N","38.9373078","-76.9645849"
"886","Condo","3410 Baltimore Blvd.","Wheaton, MD","125,950","2","N","Y","N","N","39.34796","-76.75327"
"887","Condo","3512 Baltimore Blvd.","Wheaton, MD","125,950","2","N","Y","N","N","39.2516319","-76.6692148"
"888","Condo","3295 Second Street","Wheaton, MD","103,950","2","N","Y","N","N","38.8694899","-77.0943185"
"889","Condo","3800 Hapsburg Road","Wheaton, MD","136,950","2","N","Y","N","N","38.89037","-77.03196"
"890","Condo","3638 Baltimore Blvd.","Wheaton, MD","125,950","2","N","Y","N","N","39.2476026","-76.6715377"
"892","Condo","3446 Baltimore Blvd.","Wheaton, MD","125,950","2","N","Y","N","N","39.2543453","-76.6679639"
"893","Condo","2875 Conneticut Ave.","Wheaton, MD","70,950","2","N","Y","N","N","38.9279263","-77.0538915"
"894","Condo","3024 Campus Drive","Wheaton, MD","81,950","2","N","Y","N","N","38.8393914","-77.1117843"
"895","Condo","3210 Second Street","Wheaton, MD","103,950","2","N","Y","N","N","38.869543","-77.0929539"
"896","Condo","3275 Second Street","Wheaton, MD","103,950","1","N","Y","N","N","38.8696039","-77.0938648"
"897","Condo","3359 Lehigh Avenue","Wheaton, MD","92,950","2","N","Y","N","N","39.63022","-77.69568"
"899","Condo","3161 Lehigh Avenue","Wheaton, MD","92,950","1","N","Y","N","N","39.63022","-77.69568"
"900","Condo","3179 Lehigh Avenue","Wheaton, MD","92,950","2","N","Y","N","N","39.63022","-77.69568"
"902","Condo","2934 Conneticut Ave.","Wheaton, MD","70,950","2","N","Y","N","N","38.9287949","-77.0547677"
"903","Condo","3108 Campus Drive","Wheaton, MD","81,950","2","N","Y","N","N","38.8393953","-77.1117881"
"904","Condo","3210 Lehigh Avenue","Wheaton, MD","92,950","1","N","Y","N","N","39.63022","-77.69568"
"905","Condo","3300 Second Street","Wheaton, MD","103,950","2","N","Y","N","N","38.8692048","-77.0943279"
"907","Condo","3540 Market Place","Wheaton, MD","114,950","2","N","Y","N","N","35.5707398","-77.0395472"
"908","Condo","3156 Campus Drive","Wheaton, MD","81,950","2","N","Y","N","N","38.8393975","-77.1117903"
"909","Condo","3183 Lehigh Avenue","Wheaton, MD","92,950","2","N","Y","N","N","39.63022","-77.69568"
"910","Condo","3225 Second Street","Wheaton, MD","103,950","2","N","Y","N","N","38.869793","-77.0930844"
"912","Condo","3405 Second Street","Wheaton, MD","103,950","1","N","Y","N","N","38.8692017","-77.0954548"
"913","Condo","3165 Lehigh Avenue","Wheaton, MD","92,950","2","N","Y","N","N","39.63022","-77.69568"
"917","THse","2279 Hamilton Street","Germantown, MD","184,950","2","N","N","N","Y","38.955153","-76.967354"
"920","THse","2040 S. Capitol St.","Germantown, MD","162,950","2","N","N","N","Y","38.87263","-77.00913"
"921","THse","2264 S. Capitol St.","Germantown, MD","162,950","2","N","N","N","Y","38.9197994","-77.0092249"
"924","THse","2218 Glass Road","Germantown, MD","195,950","2","N","N","N","Y","38.85688","-76.98821"
"928","THse","2513 Glass Road","Germantown, MD","195,950","2","N","N","N","Y","38.85737","-76.98758"
"929","THse","2176 S. Capitol St.","Germantown, MD","162,950","2","N","N","N","Y","38.9188232","-77.0092849"
"937","THse","6488 Polk Street","Vienna, VA","221,950","2","N","N","Y","Y","38.9096","-76.9407"
"938","THse","6968 Beach Drive","Vienna, VA","243,950","2","N","N","Y","Y","38.93765","-77.04939"
"951","THse","5751 Polk Street","Vienna, VA","221,950","2","N","N","Y","Y","38.9096","-76.9407"
"952","THse","5770 Webster Court","Vienna, VA","206,950","2","N","N","Y","Y","38.94385","-77.00408"
"953","THse","6081 Polk Street","Vienna, VA","221,950","2","N","N","Y","Y","38.9096","-76.9407"
"957","THse","5820 Webster Court","Vienna, VA","206,950","2","N","N","Y","Y","38.94385","-77.00408"
"958","Condo","6012 S. Lincoln St.","Waterfront, SW","173,950","2","N","N","Y","N","39.0052942","-77.3924244"
"959","Condo","6012 S. Lincoln St.","Waterfront, SW","173,950","2","N","N","Y","N","39.0052942","-77.3924244"
"961","Condo","6003 S. Lincoln St.","Waterfront, SW","173,950","2","N","N","Y","N","40.16951","-80.24067"
"963","Condo","6257 Hamilton Street","Waterfront, SW","184,950","2","N","N","Y","N","40.70808","-89.41512"
"964","Condo","5920 S. Capitol St.","Waterfront, SW","162,950","1","N","N","Y","N","38.89001","-76.91543"
"965","Condo","5540 Jones Street","Waterfront, SW","151,950","2","N","N","Y","N","38.90999","-77.06549"
"967","Condo","6080 S. Lincoln St.","Waterfront, SW","173,950","1","N","N","Y","N","39.0052956","-77.3924348"
"968","Condo","6417 Glass Road","Waterfront, SW","195,950","2","N","N","Y","N","38.85688","-76.98821"
"969","Condo","5630 Jones Street","Waterfront, SW","151,950","2","N","N","Y","N","38.90999","-77.06549"
"970","Condo","5675 Jones Street","Waterfront, SW","151,950","1","N","N","Y","N","38.90999","-77.06549"
"971","Condo","6054 S. Lincoln St.","Waterfront, SW","173,950","2","N","N","Y","N","39.0052951","-77.3924308"
"972","Condo","6250 S. Lincoln St.","Waterfront, SW","173,950","1","N","N","Y","N","39.0052989","-77.3924608"
"973","Condo","5675 Jones Street","Waterfront, SW","151,950","1","N","N","Y","N","38.90999","-77.06549"
"975","Condo","5690 Jones Street","Waterfront, SW","151,950","2","N","N","Y","N","38.90999","-77.06549"
"976","Condo","6311 Hamilton Street","Waterfront, SW","184,950","2","N","N","Y","N","39.7577181","-93.9207652"
"977","Condo","6509 Hamilton Street","Waterfront, SW","184,950","1","N","N","Y","N","45.4906751","-122.7439666"
"989","THse","5388 Market Place","W. Bowie, MD","114,950","2","N","N","N","N","35.6175741","-77.0306751"
"990","THse","5666 Hapsburg Road","W. Bowie, MD","136,950","2","N","N","N","N","44.32687","-72.44374"
"1023","THse","5562 Hapsburg Road","Jessup, MD","136,950","2","N","N","N","N","38.89037","-77.03196"
"1024","THse","5151 Market Place","Jessup, MD","114,950","2","N","N","N","N","35.6144964","-77.0312174"
"1027","THse","4479 Lehigh Avenue","Jessup, MD","92,950","2","N","N","N","N","38.9816651","-76.9383001"
"1035","THse","5041 Market Place","Jessup, MD","114,950","2","N","N","N","N","35.6129559","-77.0313549"
"1038","THse","5724 Hapsburg Road","Jessup, MD","136,950","2","N","N","N","N","38.89037","-77.03196"
"1039","THse","4790 Second Street","Jessup, MD","103,950","2","N","N","N","N","38.8697651","-77.1147531"
"1041","THse","4371 Lehigh Avenue","Jessup, MD","92,950","2","N","N","N","N","38.9816207","-76.9389036"
"1044","THse","5456 Baltimore Blvd.","Jessup, MD","125,950","2","N","N","N","N","39.4287594","-77.0079042"
"1099","THse","9403 Polk Street","Upper Marlboro, MD","221,950","2","Y","N","Y","Y","38.9096","-76.9407"
"1100","THse","9370 Polk Street","Upper Marlboro, MD","221,950","2","Y","N","Y","Y","38.9096","-76.9407"
